[
   {
      "id":"d9f83c94-cbbf-11e8-9fc9-005056a900e8",
      "name":"Air Handlers - In Scope",
      "widgets":[
         {
            "attributes":{},
            "id":"d9f83c94-cbbf-11e8-9fc9-005056a900e8",
            "name":"Air Handlers - In Scope",
            "deviceRw":[
               {
                  "id":"ac17a360-d079-11e7-90ad-005056a93b2f",
                  "name":"H_AHA501_SatEffSetpt",
                  "activityLogMessage":"",
                  "readable":true,
                  "writable":true,
                  "controllable":true,
                  "incontrol":false,
                  "virtual":false,
                  "currentValue":"",
                  "currentEosValue":"",
                  "widgetId":"a94dccf2-cbc0-11e8-9fc9-005056a900e8",
                  "widgetStringId":"H_AHA501_SatEffSetpt_STATUS",
                  "equipmentSetId":"4e4ce2e0-ffb3-11e7-bf81-005056a924f8",
                  "sortOrder":100,
                  "attributes":{
                     "CtrlPointLinkId":"AH_A501",
                     "StatusView":"H_AHA501_SatEffSetpt"
                  }
               },
               {
                  "id":"accce9a0-d079-11e7-90ad-005056a93b2f",
                  "name":"H_AHA502_SatEffSetpt",
                  "activityLogMessage":"",
                  "readable":true,
                  "writable":true,
                  "controllable":true,
                  "incontrol":false,
                  "virtual":false,
                  "currentValue":"",
                  "currentEosValue":"",
                  "widgetId":"eb601bb8-cbc0-11e8-9fc9-005056a900e8",
                  "widgetStringId":"H_AHA502_SatEffSetpt_STATUS",
                  "equipmentSetId":"56a39400-0073-11e8-bf81-005056a924f8",
                  "sortOrder":200,
                  "attributes":{
                     "StatusView":"H_AHA502_SatEffSetpt",
                     "CtrlPointLinkId":"AHA502"
                  }
               },
               {
                  "id":"8e67b830-fcbd-11e7-bf81-005056a924f8",
                  "name":"H_AHA503_SatEffSetpt",
                  "activityLogMessage":"",
                  "readable":true,
                  "writable":true,
                  "controllable":true,
                  "incontrol":false,
                  "virtual":false,
                  "currentValue":"",
                  "currentEosValue":"",
                  "widgetId":"6ee11cf8-cbc1-11e8-9fc9-005056a900e8",
                  "widgetStringId":"H_AHA503_SatEffSetpt_STATUS",
                  "equipmentSetId":"c51dba40-ffb6-11e7-bf81-005056a924f8",
                  "sortOrder":300,
                  "attributes":{
                     "StatusView":"H_AHA503_SatEffSetpt",
                     "CtrlPointLinkId":"AH_A503"
                  }
               },
               {
                  "id":"9004ed70-fcbd-11e7-bf81-005056a924f8",
                  "name":"H_AHA505_SatEffSetpt",
                  "activityLogMessage":"",
                  "readable":true,
                  "writable":true,
                  "controllable":true,
                  "incontrol":false,
                  "virtual":false,
                  "currentValue":"",
                  "currentEosValue":"",
                  "widgetId":"7fa293d6-cbc2-11e8-9fc9-005056a900e8",
                  "widgetStringId":"H_AHA505_SatEffSetpt_STATUS",
                  "equipmentSetId":"a0a61860-ffb6-11e7-bf81-005056a924f8",
                  "sortOrder":500,
                  "attributes":{
                     "CtrlPointLinkId":"AHA501",
                     "StatusView":"H_AHA505_SatEffSetpt"
                  }
               },
               {
                  "id":"ad86ead0-d079-11e7-90ad-005056a93b2f",
                  "name":"H_AHA506_SatEffSetpt",
                  "activityLogMessage":"",
                  "readable":true,
                  "writable":true,
                  "controllable":true,
                  "incontrol":false,
                  "virtual":false,
                  "currentValue":"",
                  "currentEosValue":"",
                  "widgetId":"c61d0f30-cbc2-11e8-9fc9-005056a900e8",
                  "widgetStringId":"H_AHA506_SatEffSetpt_STATUS",
                  "equipmentSetId":"495ac3a7-653a-2cba-1d2f-00249b3732dd",
                  "sortOrder":600,
                  "attributes":{
                     "CtrlPointLinkId":"AHA506",
                     "StatusView":"H_AHA506_SatEffSetpt"
                  }
               },
               {
                  "id":"ac929fc0-d079-11e7-90ad-005056a93b2f",
                  "name":"H_AHA507_SatEffSetpt",
                  "activityLogMessage":"",
                  "readable":true,
                  "writable":true,
                  "controllable":true,
                  "incontrol":false,
                  "virtual":false,
                  "currentValue":"",
                  "currentEosValue":"",
                  "widgetId":"02f0dc34-cbc3-11e8-9fc9-005056a900e8",
                  "widgetStringId":"H_AHA507_SatEffSetpt_STATUS",
                  "equipmentSetId":"495ac3d8-659d-750e-1023-00249b3732dd",
                  "sortOrder":700,
                  "attributes":{
                     "CtrlPointLinkId":"AHA507",
                     "StatusView":"H_AHA507_SatEffSetpt"
                  }
               },
               {
                  "id":"ace41b20-d079-11e7-90ad-005056a93b2f",
                  "name":"H_AHA508_SatEffSetpt",
                  "activityLogMessage":"",
                  "readable":true,
                  "writable":true,
                  "controllable":false,
                  "incontrol":false,
                  "virtual":false,
                  "currentValue":"",
                  "currentEosValue":"",
                  "widgetId":"35319ae4-cbc3-11e8-9fc9-005056a900e8",
                  "widgetStringId":"H_AHA508_SatEffSetpt_STATUS",
                  "equipmentSetId":"495ac407-65fe-74bf-1ee2-00249b3732dd",
                  "sortOrder":800,
                  "attributes":{
                     "StatusView":"H_AHA508_SatEffSetpt",
                     "CtrlPointLinkId":"AHA508"
                  }
               },
               {
                  "id":"ad1cb750-d079-11e7-90ad-005056a93b2f",
                  "name":"H_AHC001_SatEffSetpt",
                  "activityLogMessage":"",
                  "readable":true,
                  "writable":true,
                  "controllable":true,
                  "incontrol":false,
                  "virtual":false,
                  "currentValue":"",
                  "currentEosValue":"",
                  "widgetId":"d191a2cc-8198-11e9-bb8e-005056a900e8",
                  "widgetStringId":"H_AHC001_SatEffSetpt_STATUS",
                  "equipmentSetId":"bb6b6f4a-693e-216b-19a2-00249b3732dd",
                  "sortOrder":1001,
                  "attributes":{
                     "StatusView":"H_AHC001_SatEffSetpt",
                     "CtrlPointLinkId":"AHC001_root"
                  }
               },
               {
                  "id":"73089410-fcbd-11e7-bf81-005056a924f8",
                  "name":"H_AHC003_SatEffSetpt",
                  "activityLogMessage":"",
                  "readable":true,
                  "writable":true,
                  "controllable":true,
                  "incontrol":false,
                  "virtual":false,
                  "currentValue":"",
                  "currentEosValue":"",
                  "widgetId":"90216c2c-8199-11e9-bb8e-005056a900e8",
                  "widgetStringId":"H_AHC003_SatEffSetpt_STATUS",
                  "equipmentSetId":"bb821c6e-699d-330b-1659-00249b3732dd",
                  "sortOrder":1004,
                  "attributes":{
                     "StatusView":"H_AHC003_SatEffSetpt",
                     "CtrlPointLinkId":"AHC003_root"
                  }
               },
               {
                  "id":"722f7220-fcbd-11e7-bf81-005056a924f8",
                  "name":"H_AHC004_SatEffSetpt",
                  "activityLogMessage":"",
                  "readable":true,
                  "writable":true,
                  "controllable":true,
                  "incontrol":false,
                  "virtual":false,
                  "currentValue":"",
                  "currentEosValue":"",
                  "widgetId":"c8eb0b3a-8199-11e9-bb8e-005056a900e8",
                  "widgetStringId":"H_AHC004_SatEffSetpt_STATUS",
                  "equipmentSetId":"bb821c96-69c6-fe36-157c-00249b3732dd",
                  "sortOrder":1005,
                  "attributes":{
                     "CtrlPointLinkId":"AHC004_root",
                     "StatusView":"H_AHC004_SatEffSetpt"
                  }
               },
               {
                  "id":"7ed03022-5af0-11e9-a894-005056a900e8",
                  "name":"H_AHC005A_SatEffSetpt",
                  "activityLogMessage":"",
                  "readable":true,
                  "writable":true,
                  "controllable":true,
                  "incontrol":false,
                  "virtual":false,
                  "currentValue":"",
                  "currentEosValue":"",
                  "widgetId":"13f16642-819a-11e9-bb8e-005056a900e8",
                  "widgetStringId":"H_AHC005A_SatEffSetpt_STATUS",
                  "equipmentSetId":"bb821cbe-69b1-2fd7-1c01-00249b3732dd",
                  "sortOrder":1006,
                  "attributes":{
                     "CtrlPointLinkId":"AHC005A_root",
                     "StatusView":"H_AHC005A_SatEffSetpt"
                  }
               },
               {
                  "id":"929ed230-fcbd-11e7-bf81-005056a924f8",
                  "name":"H_AHC005B_SatEffSetpt",
                  "activityLogMessage":"",
                  "readable":true,
                  "writable":true,
                  "controllable":true,
                  "incontrol":false,
                  "virtual":false,
                  "currentValue":"",
                  "currentEosValue":"",
                  "widgetId":"56ab60dc-819a-11e9-bb8e-005056a900e8",
                  "widgetStringId":"H_AHC005B_SatEffSetpt_STATUS",
                  "equipmentSetId":"bb821ce4-69a6-2e01-1312-00249b3732dd",
                  "sortOrder":1007,
                  "attributes":{
                     "CtrlPointLinkId":"AHC005B_root",
                     "StatusView":"H_AHC005B_SatEffSetpt"
                  }
               },
               {
                  "id":"7c87e9f0-fcbd-11e7-bf81-005056a924f8",
                  "name":"H_AHC008_SatEffSetpt",
                  "activityLogMessage":"",
                  "readable":true,
                  "writable":true,
                  "controllable":true,
                  "incontrol":false,
                  "virtual":false,
                  "currentValue":"",
                  "currentEosValue":"",
                  "widgetId":"f419c91c-819a-11e9-bb8e-005056a900e8",
                  "widgetStringId":"H_AHC008_SatEffSetpt_STATUS",
                  "equipmentSetId":"ceec5ca0-003a-11e8-bf81-005056a924f8",
                  "sortOrder":1011,
                  "attributes":{
                     "CtrlPointLinkId":"AHC008_root",
                     "StatusView":"H_AHC008_SatEffSetpt"
                  }
               },
               {
                  "id":"80d4aed0-fcbd-11e7-bf81-005056a924f8",
                  "name":"H_AHC010_SatEffSetpt",
                  "activityLogMessage":"",
                  "readable":true,
                  "writable":true,
                  "controllable":true,
                  "incontrol":false,
                  "virtual":false,
                  "currentValue":"",
                  "currentEosValue":"",
                  "widgetId":"6ca7221c-819b-11e9-bb8e-005056a900e8",
                  "widgetStringId":"H_AHC010_SatEffSetpt_STATUS",
                  "equipmentSetId":"bb821d5c-6981-c640-1576-00249b3732dd",
                  "sortOrder":1014,
                  "attributes":{
                     "CtrlPointLinkId":"AHC010_root",
                     "StatusView":"H_AHC010_SatEffSetpt"
                  }
               },
               {
                  "id":"79f46dd0-fcbd-11e7-bf81-005056a924f8",
                  "name":"H_AHC012_SatEffSetpt",
                  "activityLogMessage":"",
                  "readable":true,
                  "writable":true,
                  "controllable":true,
                  "incontrol":false,
                  "virtual":false,
                  "currentValue":"",
                  "currentEosValue":"",
                  "widgetId":"90dd7c9e-819b-11e9-bb8e-005056a900e8",
                  "widgetStringId":"H_AHC012_SatEffSetpt_STATUS",
                  "equipmentSetId":"535246f0-0043-11e8-bf81-005056a924f8",
                  "sortOrder":1015,
                  "attributes":{
                     "CtrlPointLinkId":"AHC012_root",
                     "StatusView":"H_AHC012_SatEffSetpt"
                  }
               },
               {
                  "id":"867bfaa0-fcbd-11e7-bf81-005056a924f8",
                  "name":"H_AHC015A_SatEffSetpt",
                  "activityLogMessage":"",
                  "readable":true,
                  "writable":true,
                  "controllable":true,
                  "incontrol":false,
                  "virtual":false,
                  "currentValue":"",
                  "currentEosValue":"",
                  "widgetId":"0633f2e8-819c-11e9-bb8e-005056a900e8",
                  "widgetStringId":"H_AHC015A_SatEffSetpt_STATUS",
                  "equipmentSetId":"1968daa0-003c-11e8-bf81-005056a924f8",
                  "sortOrder":1018,
                  "attributes":{
                     "CtrlPointLinkId":"AHC015A_root",
                     "StatusView":"H_AHC015A_SatEffSetpt"
                  }
               },
               {
                  "id":"8a8044d0-fcbd-11e7-bf81-005056a924f8",
                  "name":"H_AHC015B_SatEffSetpt",
                  "activityLogMessage":"",
                  "readable":true,
                  "writable":true,
                  "controllable":true,
                  "incontrol":false,
                  "virtual":false,
                  "currentValue":"",
                  "currentEosValue":"",
                  "widgetId":"292bf746-819c-11e9-bb8e-005056a900e8",
                  "widgetStringId":"H_AHC015B_SatEffSetpt_STATUS",
                  "equipmentSetId":"4d5122b0-0040-11e8-bf81-005056a924f8",
                  "sortOrder":1019,
                  "attributes":{
                     "StatusView":"H_AHC015B_SatEffSetpt",
                     "CtrlPointLinkId":"AHC015B_root"
                  }
               },
               {
                  "id":"7ee8c120-ce09-11e7-90ad-005056a93b2f",
                  "name":"H_AHD901_SatEffSetpt",
                  "activityLogMessage":"",
                  "readable":true,
                  "writable":true,
                  "controllable":true,
                  "incontrol":false,
                  "virtual":false,
                  "currentValue":"",
                  "currentEosValue":"",
                  "widgetId":"4b21dbae-819c-11e9-bb8e-005056a900e8",
                  "widgetStringId":"H_AHD901_SatEffSetpt_STATUS",
                  "equipmentSetId":"c42d1240-0072-11e8-bf81-005056a924f8",
                  "sortOrder":1020,
                  "attributes":{
                     "StatusView":"H_AHD901_SatEffSetpt",
                     "CtrlPointLinkId":"AHD901_root"
                  }
               },
               {
                  "id":"7d5c2db0-ce09-11e7-90ad-005056a93b2f",
                  "name":"H_AHD903_SatEffSetpt",
                  "activityLogMessage":"",
                  "readable":true,
                  "writable":true,
                  "controllable":true,
                  "incontrol":false,
                  "virtual":false,
                  "currentValue":"",
                  "currentEosValue":"",
                  "widgetId":"ec566a44-819c-11e9-bb8e-005056a900e8",
                  "widgetStringId":"H_AHD903_SatEffSetpt_STATUS",
                  "equipmentSetId":"077cb1c0-ffb7-11e7-bf81-005056a924f8",
                  "sortOrder":1023,
                  "attributes":{
                     "CtrlPointLinkId":"AHD903_root",
                     "StatusView":"H_AHD903_SatEffSetpt"
                  }
               },
               {
                  "id":"7cfe2f30-ce09-11e7-90ad-005056a93b2f",
                  "name":"H_AHD904_SatEffSetpt",
                  "activityLogMessage":"",
                  "readable":true,
                  "writable":true,
                  "controllable":true,
                  "incontrol":false,
                  "virtual":false,
                  "currentValue":"",
                  "currentEosValue":"",
                  "widgetId":"11fdb9a0-819d-11e9-bb8e-005056a900e8",
                  "widgetStringId":"H_AHD904_SatEffSetpt_STATUS",
                  "equipmentSetId":"175f2960-ffb7-11e7-bf81-005056a924f8",
                  "sortOrder":1024,
                  "attributes":{
                     "StatusView":"H_AHD904_SatEffSetpt",
                     "CtrlPointLinkId":"AHD904_root"
                  }
               },
               {
                  "id":"7f5601e0-ce09-11e7-90ad-005056a93b2f",
                  "name":"H_AHD905_SatEffSetpt",
                  "activityLogMessage":"",
                  "readable":true,
                  "writable":true,
                  "controllable":true,
                  "incontrol":false,
                  "virtual":false,
                  "currentValue":"",
                  "currentEosValue":"",
                  "widgetId":"464b6d88-819d-11e9-bb8e-005056a900e8",
                  "widgetStringId":"H_AHD905_SatEffSetpt_STATUS",
                  "equipmentSetId":"1f59b400-ffb7-11e7-bf81-005056a924f8",
                  "sortOrder":1025,
                  "attributes":{
                     "CtrlPointLinkId":"AHD905_root",
                     "StatusView":"H_AHD905_SatEffSetpt"
                  }
               },
               {
                  "id":"7d84c450-ce09-11e7-90ad-005056a93b2f",
                  "name":"H_AHD906_SatEffSetpt",
                  "activityLogMessage":"",
                  "readable":true,
                  "writable":true,
                  "controllable":true,
                  "incontrol":false,
                  "virtual":false,
                  "currentValue":"",
                  "currentEosValue":"",
                  "widgetId":"680a8882-819d-11e9-bb8e-005056a900e8",
                  "widgetStringId":"H_AHD906_SatEffSetpt_STATUS",
                  "equipmentSetId":"2515c050-ffb7-11e7-bf81-005056a924f8",
                  "sortOrder":1026,
                  "attributes":{
                     "StatusView":"H_AHD906_SatEffSetpt",
                     "CtrlPointLinkId":"AHD906_root"
                  }
               },
               {
                  "id":"7d480970-ce09-11e7-90ad-005056a93b2f",
                  "name":"H_AHD907_SatEffSetpt",
                  "activityLogMessage":"",
                  "readable":true,
                  "writable":true,
                  "controllable":true,
                  "incontrol":false,
                  "virtual":false,
                  "currentValue":"",
                  "currentEosValue":"",
                  "widgetId":"91c24b10-819d-11e9-bb8e-005056a900e8",
                  "widgetStringId":"H_AHD907_SatEffSetpt_STATUS",
                  "equipmentSetId":"292e7ce0-ffb7-11e7-bf81-005056a924f8",
                  "sortOrder":1027,
                  "attributes":{
                     "CtrlPointLinkId":"AHD907_root",
                     "StatusView":"H_AHD907_SatEffSetpt"
                  }
               },
               {
                  "id":"80293060-ce09-11e7-90ad-005056a93b2f",
                  "name":"H_AHD908_SatEffSetpt",
                  "activityLogMessage":"",
                  "readable":true,
                  "writable":true,
                  "controllable":true,
                  "incontrol":false,
                  "virtual":false,
                  "currentValue":"",
                  "currentEosValue":"",
                  "widgetId":"b620aaba-819d-11e9-bb8e-005056a900e8",
                  "widgetStringId":"H_AHD908_SatEffSetpt_STATUS",
                  "equipmentSetId":"2fe95b90-ffb7-11e7-bf81-005056a924f8",
                  "sortOrder":1028,
                  "attributes":{
                     "StatusView":"H_AHD908_SatEffSetpt",
                     "CtrlPointLinkId":"AHD908_root"
                  }
               },
               {
                  "id":"7d4a5360-ce09-11e7-90ad-005056a93b2f",
                  "name":"H_AHD909_SatEffSetpt",
                  "activityLogMessage":"",
                  "readable":true,
                  "writable":true,
                  "controllable":true,
                  "incontrol":false,
                  "virtual":false,
                  "currentValue":"",
                  "currentEosValue":"",
                  "widgetId":"db85d370-819d-11e9-bb8e-005056a900e8",
                  "widgetStringId":"H_AHD909_SatEffSetpt_STATUS",
                  "equipmentSetId":"ee855f70-0072-11e8-bf81-005056a924f8",
                  "sortOrder":1029,
                  "attributes":{
                     "CtrlPointLinkId":"AHD909_root",
                     "StatusView":"H_AHD909_SatEffSetpt"
                  }
               },
               {
                  "id":"7f45ae30-ce09-11e7-90ad-005056a93b2f",
                  "name":"H_AHD910_SatEffSetpt",
                  "activityLogMessage":"",
                  "readable":true,
                  "writable":true,
                  "controllable":true,
                  "incontrol":false,
                  "virtual":false,
                  "currentValue":"",
                  "currentEosValue":"",
                  "widgetId":"16b4bdda-819e-11e9-bb8e-005056a900e8",
                  "widgetStringId":"H_AHD910_SatEffSetpt_STATUS",
                  "equipmentSetId":"f3cf21f0-0072-11e8-bf81-005056a924f8",
                  "sortOrder":1030,
                  "attributes":{
                     "StatusView":"H_AHD910_SatEffSetpt",
                     "CtrlPointLinkId":"AH-D910_All"
                  }
               },
               {
                  "id":"7f449cc0-ce09-11e7-90ad-005056a93b2f",
                  "name":"H_AHD912_SatEffSetpt",
                  "activityLogMessage":"",
                  "readable":true,
                  "writable":true,
                  "controllable":true,
                  "incontrol":false,
                  "virtual":false,
                  "currentValue":"",
                  "currentEosValue":"",
                  "widgetId":"970e11ca-819e-11e9-bb8e-005056a900e8",
                  "widgetStringId":"H_AHD912_SatEffSetpt_STATUS",
                  "equipmentSetId":"fbe34f10-0072-11e8-bf81-005056a924f8",
                  "sortOrder":1032,
                  "attributes":{
                     "StatusView":"H_AHD912_SatEffSetpt",
                     "CtrlPointLinkId":"AHD912_root"
                  }
               }
            ]
         }
      ]
   },
   {
      "id":"79305c88-9901-11e9-9ca5-005056a900e8",
      "name":"Air Handlers - Out of Scope",
      "widgets":[
         {
            "attributes":{
               
            },
            "id":"79305c88-9901-11e9-9ca5-005056a900e8",
            "name":"Air Handlers - Out of Scope",
            "deviceRw":[
               {
                  "id":"ac5807c0-d079-11e7-90ad-005056a93b2f",
                  "name":"H_AHA504_SatEffSetpt",
                  "activityLogMessage":"",
                  "readable":true,
                  "writable":true,
                  "controllable":false,
                  "incontrol":false,
                  "virtual":false,
                  "currentValue":"",
                  "currentEosValue":"",
                  "widgetId":"2435aede-cbc2-11e8-9fc9-005056a900e8",
                  "widgetStringId":"H_AHA504_SatEffSetpt_STATUS",
                  "equipmentSetId":"495ac378-65cc-f90a-1e04-00249b3732dd",
                  "sortOrder":400,
                  "attributes":{
                     "CtrlPointLinkId":"AHA504",
                     "StatusView":"H_AHA504_SatEffSetpt"
                  }
               },
               {
                  "id":"8adb5d20-fcbd-11e7-bf81-005056a924f8",
                  "name":"H_AHA509_SatEffSetpt",
                  "activityLogMessage":"",
                  "readable":true,
                  "writable":true,
                  "controllable":false,
                  "incontrol":false,
                  "virtual":false,
                  "currentValue":"",
                  "currentEosValue":"",
                  "widgetId":"6956439c-cbc3-11e8-9fc9-005056a900e8",
                  "widgetStringId":"H_AHA509_SatEffSetpt_STATUS",
                  "equipmentSetId":"495ac445-658e-1b0b-17cc-00249b3732dd",
                  "sortOrder":900,
                  "attributes":{
                     "CtrlPointLinkId":"AHA509",
                     "StatusView":"H_AHA509_SatEffSetpt"
                  }
               },
               {
                  "id":"ac8b4cc0-d079-11e7-90ad-005056a93b2f",
                  "name":"H_AHA510_SatEffSetpt",
                  "activityLogMessage":"",
                  "readable":true,
                  "writable":true,
                  "controllable":false,
                  "incontrol":false,
                  "virtual":false,
                  "currentValue":"",
                  "currentEosValue":"",
                  "widgetId":"99a36250-cbc3-11e8-9fc9-005056a900e8",
                  "widgetStringId":"H_AHA510_SatEffSetpt_STATUS",
                  "equipmentSetId":"495ac5a5-6540-e674-1d2b-00249b3732dd",
                  "sortOrder":1000,
                  "attributes":{
                     "CtrlPointLinkId":"AHA510",
                     "StatusView":"H_AHA510_SatEffSetpt"
                  }
               },
               {
                  "id":"8fcd3ba0-fcbd-11e7-bf81-005056a924f8",
                  "name":"H_AHC002A_SatEffSetpt",
                  "activityLogMessage":"",
                  "readable":true,
                  "writable":true,
                  "controllable":false,
                  "incontrol":false,
                  "virtual":false,
                  "currentValue":"",
                  "currentEosValue":"",
                  "widgetId":"165957ce-8199-11e9-bb8e-005056a900e8",
                  "widgetStringId":"H_AHC002A_SatEffSetpt_STATUS",
                  "equipmentSetId":"ae908f20-003b-11e8-bf81-005056a924f8",
                  "sortOrder":1002,
                  "attributes":{
                     "StatusView":"H_AHC002A_SatEffSetpt",
                     "CtrlPointLinkId":"AHC002A_root"
                  }
               },
               {
                  "id":"9387ab90-fcbd-11e7-bf81-005056a924f8",
                  "name":"H_AHC002B_SatEffSetpt",
                  "activityLogMessage":"",
                  "readable":true,
                  "writable":true,
                  "controllable":false,
                  "incontrol":false,
                  "virtual":false,
                  "currentValue":"",
                  "currentEosValue":"",
                  "widgetId":"60f605e8-8199-11e9-bb8e-005056a900e8",
                  "widgetStringId":"H_AHC002B_SatEffSetpt_STATUS",
                  "equipmentSetId":"b79b0320-003b-11e8-bf81-005056a924f8",
                  "sortOrder":1003,
                  "attributes":{
                     "CtrlPointLinkId":"AHC002B_root",
                     "StatusView":"H_AHC002B_SatEffSetpt"
                  }
               },
               {
                  "id":"7fa619e0-fcbd-11e7-bf81-005056a924f8",
                  "name":"H_AHC006A_SatEffSetpt",
                  "activityLogMessage":"",
                  "readable":true,
                  "writable":true,
                  "controllable":false,
                  "incontrol":false,
                  "virtual":false,
                  "currentValue":"",
                  "currentEosValue":"",
                  "widgetId":"792b9b22-819a-11e9-bb8e-005056a900e8",
                  "widgetStringId":"H_AHC006A_SatEffSetpt_STATUS",
                  "equipmentSetId":"bb821d0d-6916-bcc9-1f0d-00249b3732dd",
                  "sortOrder":1008,
                  "attributes":{
                     "StatusView":"H_AHC006A_SatEffSetpt",
                     "CtrlPointLinkId":"AHC006A_root"
                  }
               },
               {
                  "id":"86d05c30-fcbd-11e7-bf81-005056a924f8",
                  "name":"H_AHC006B_SatEffSetpt",
                  "activityLogMessage":"",
                  "readable":true,
                  "writable":true,
                  "controllable":false,
                  "incontrol":false,
                  "virtual":false,
                  "currentValue":"",
                  "currentEosValue":"",
                  "widgetId":"9c37e404-819a-11e9-bb8e-005056a900e8",
                  "widgetStringId":"H_AHC006B_SatEffSetpt_STATUS",
                  "equipmentSetId":"bb821d34-69a4-9abb-141e-00249b3732dd",
                  "sortOrder":1009,
                  "attributes":{
                     "StatusView":"H_AHC006B_SatEffSetpt",
                     "CtrlPointLinkId":"AHC006B_root"
                  }
               },
               {
                  "id":"7749e740-fcbd-11e7-bf81-005056a924f8",
                  "name":"H_AHC007_SatEffSetpt",
                  "activityLogMessage":"",
                  "readable":true,
                  "writable":true,
                  "controllable":false,
                  "incontrol":false,
                  "virtual":false,
                  "currentValue":"",
                  "currentEosValue":"",
                  "widgetId":"bdde50c0-819a-11e9-bb8e-005056a900e8",
                  "widgetStringId":"H_AHC007_SatEffSetpt_STATUS",
                  "equipmentSetId":"2a5966e0-003c-11e8-bf81-005056a924f8",
                  "sortOrder":1010,
                  "attributes":{
                     "StatusView":"H_AHC007_SatEffSetpt",
                     "CtrlPointLinkId":"AHC007_root"
                  }
               },
               {
                  "id":"72b85130-fcbd-11e7-bf81-005056a924f8",
                  "name":"H_AHC009A_SatEffSetpt",
                  "activityLogMessage":"",
                  "readable":true,
                  "writable":true,
                  "controllable":false,
                  "incontrol":false,
                  "virtual":false,
                  "currentValue":"",
                  "currentEosValue":"",
                  "widgetId":"2760912a-819b-11e9-bb8e-005056a900e8",
                  "widgetStringId":"H_AHC009A_SatEffSetpt_STATUS",
                  "equipmentSetId":"98f16ef0-003b-11e8-bf81-005056a924f8",
                  "sortOrder":1012,
                  "attributes":{
                     "StatusView":"H_AHC009A_SatEffSetpt",
                     "CtrlPointLinkId":"AHC009A_root"
                  }
               },
               {
                  "id":"ac7d1bf0-d079-11e7-90ad-005056a93b2f",
                  "name":"H_AHC009B_SatEffSetpt",
                  "activityLogMessage":"",
                  "readable":true,
                  "writable":true,
                  "controllable":false,
                  "incontrol":false,
                  "virtual":false,
                  "currentValue":"",
                  "currentEosValue":"",
                  "widgetId":"4a09c85e-819b-11e9-bb8e-005056a900e8",
                  "widgetStringId":"H_AHC009B_SatEffSetpt_STATUS",
                  "equipmentSetId":"a0283460-003b-11e8-bf81-005056a924f8",
                  "sortOrder":1013,
                  "attributes":{
                     "CtrlPointLinkId":"AHC009B_root",
                     "StatusView":"H_AHC009B_SatEffSetpt"
                  }
               },
               {
                  "id":"75eb8fc0-fcbd-11e7-bf81-005056a924f8",
                  "name":"H_AHC013_SatEffSetpt",
                  "activityLogMessage":"",
                  "readable":true,
                  "writable":true,
                  "controllable":false,
                  "incontrol":false,
                  "virtual":false,
                  "currentValue":"",
                  "currentEosValue":"",
                  "widgetId":"bccc3f52-819b-11e9-bb8e-005056a900e8",
                  "widgetStringId":"H_AHC013_SatEffSetpt_STATUS",
                  "equipmentSetId":"7f2800b0-01d5-11e8-bf81-005056a924f8",
                  "sortOrder":1016,
                  "attributes":{
                     "StatusView":"H_AHC013_SatEffSetpt",
                     "CtrlPointLinkId":"AHC013_root"
                  }
               },
               {
                  "id":"78a865d0-fcbd-11e7-bf81-005056a924f8",
                  "name":"H_AHC014_SatEffSetpt",
                  "activityLogMessage":"",
                  "readable":true,
                  "writable":true,
                  "controllable":false,
                  "incontrol":false,
                  "virtual":false,
                  "currentValue":"",
                  "currentEosValue":"",
                  "widgetId":"dd9bf696-819b-11e9-bb8e-005056a900e8",
                  "widgetStringId":"H_AHC014_SatEffSetpt_STATUS",
                  "equipmentSetId":"c6fcb200-003b-11e8-bf81-005056a924f8",
                  "sortOrder":1017,
                  "attributes":{
                     "CtrlPointLinkId":"AHC014_root",
                     "StatusView":"H_AHC014_SatEffSetpt"
                  }
               },
               {
                  "id":"7cdec050-ce09-11e7-90ad-005056a93b2f",
                  "name":"H_AHD902A_SatEffSetpt",
                  "activityLogMessage":"",
                  "readable":true,
                  "writable":true,
                  "controllable":false,
                  "incontrol":false,
                  "virtual":false,
                  "currentValue":"",
                  "currentEosValue":"",
                  "widgetId":"6e1391a2-819c-11e9-bb8e-005056a900e8",
                  "widgetStringId":"H_AHD902A_SatEffSetpt_STATUS",
                  "equipmentSetId":"c79c9fc0-01e1-11e8-bf81-005056a924f8",
                  "sortOrder":1021,
                  "attributes":{
                     "StatusView":"H_AHD902A_SatEffSetpt",
                     "CtrlPointLinkId":"AHD902A_root"
                  }
               },
               {
                  "id":"7d2984f0-ce09-11e7-90ad-005056a93b2f",
                  "name":"H_AHD902B_SatEffSetpt",
                  "activityLogMessage":"",
                  "readable":true,
                  "writable":true,
                  "controllable":false,
                  "incontrol":false,
                  "virtual":false,
                  "currentValue":"",
                  "currentEosValue":"",
                  "widgetId":"b6258f68-819c-11e9-bb8e-005056a900e8",
                  "widgetStringId":"H_AHD902B_SatEffSetpt_STATUS",
                  "equipmentSetId":"c9d3e8e0-0072-11e8-bf81-005056a924f8",
                  "sortOrder":1022,
                  "attributes":{
                     "StatusView":"H_AHD902B_SatEffSetpt",
                     "CtrlPointLinkId":"AHD902B_root"
                  }
               },
               {
                  "id":"7dfed650-ce09-11e7-90ad-005056a93b2f",
                  "name":"H_AHD911_SatEffSetpt",
                  "activityLogMessage":"",
                  "readable":true,
                  "writable":true,
                  "controllable":false,
                  "incontrol":false,
                  "virtual":false,
                  "currentValue":"",
                  "currentEosValue":"",
                  "widgetId":"74a26492-819e-11e9-bb8e-005056a900e8",
                  "widgetStringId":"H_AHD911_SatEffSetpt_STATUS",
                  "equipmentSetId":"f82fe400-0072-11e8-bf81-005056a924f8",
                  "sortOrder":1031,
                  "attributes":{
                     "CtrlPointLinkId":"AHD911_root",
                     "StatusView":"H_AHD911_SatEffSetpt"
                  }
               }
            ]
         }
      ]
   },
   {
      "id":"c407cee6-83c4-11e9-90dc-005056a900e8",
      "name":"Cooling System",
      "widgets":[
         {
            "attributes":{
               
            },
            "id":"c407cee6-83c4-11e9-90dc-005056a900e8",
            "name":"Cooling System",
            "deviceRw":[
               {
                  "id":"1b5dcfa2-8865-11e9-b17d-005056a900e8",
                  "name":"H_CHWS_CHD901En",
                  "activityLogMessage":"",
                  "readable":true,
                  "writable":true,
                  "controllable":false,
                  "incontrol":false,
                  "virtual":false,
                  "currentValue":"",
                  "currentEosValue":"",
                  "widgetId":"3d124ee2-8866-11e9-b17d-005056a900e8",
                  "widgetStringId":"H_CHWS_CHD901En_STATUS",
                  "equipmentSetId":"3f0e0690-0069-11e8-bf81-005056a924f8",
                  "sortOrder":1,
                  "attributes":{
                     "StatusView":"H_CHWS_CHD901En",
                     "CtrlPointLinkId":"Chiller"
                  }
               }
            ]
         }
      ]
   },
   {
      "id":"80b70878-83c4-11e9-90dc-005056a900e8",
      "name":"Heating System",
      "widgets":[
         {
            "attributes":{
               
            },
            "id":"80b70878-83c4-11e9-90dc-005056a900e8",
            "name":"Heating System",
            "deviceRw":[
               {
                  "id":"659baeb2-8195-11e9-a440-005056a900e8",
                  "name":"H_HWS_SupWtrSetpt",
                  "activityLogMessage":"",
                  "readable":true,
                  "writable":true,
                  "controllable":false,
                  "incontrol":false,
                  "virtual":false,
                  "currentValue":"",
                  "currentEosValue":"",
                  "widgetId":"869b058c-83c4-11e9-90dc-005056a900e8",
                  "widgetStringId":"H_HWS_SupWtrSetpt_STATUS",
                  "equipmentSetId":"774da230-006a-11e8-bf81-005056a924f8",
                  "sortOrder":1,
                  "attributes":{
                     "CtrlPointLinkId":"HtgSys",
                     "StatusView":"H_HWS_SupWtrSetpt"
                  }
               }
            ]
         }
      ]
   }
]