[{"id":"90e980c6-a734-11e8-8062-005056a900e8","name":"BLDG A - LVL 0 - Morgue_Occupied","fkSpaceId":{"id":"e2db91d0-2769-11e8-b865-005056a924f8","name":"BLDG A - LVL 0 - Morgue","spaceModeSet":null},"spaceModeRequirementSet":[{"id":"5d5582c0-a73c-11e8-8062-005056a900e8","value":"1","rampRate":999999.0,"fkRequirementTypeId":{"id":17,"name":"Fresh Air Required"}},{"id":"48ea9d40-f190-11e8-b2aa-005056a924f8","value":"100","rampRate":999999.0,"fkRequirementTypeId":{"id":74,"name":"Percent Occupied Mode"}},{"id":"5d559198-a73c-11e8-8062-005056a900e8","value":"50","rampRate":999999.0,"fkRequirementTypeId":{"id":18,"name":"Humid (RH%)"}},{"id":"5d5587de-a73c-11e8-8062-005056a900e8","value":"16","rampRate":999999.0,"fkRequirementTypeId":{"id":16,"name":"Max Temp"}},{"id":"5d558cac-a73c-11e8-8062-005056a900e8","value":"13.5","rampRate":999999.0,"fkRequirementTypeId":{"id":15,"name":"Min Temp"}}]},{"id":"90e98648-a734-11e8-8062-005056a900e8","name":"BLDG A - LVL 0 - Morgue_Light Occupied","fkSpaceId":{"id":"e2db91d0-2769-11e8-b865-005056a924f8","name":"BLDG A - LVL 0 - Morgue","spaceModeSet":null},"spaceModeRequirementSet":[{"id":"5d55a052-a73c-11e8-8062-005056a900e8","value":"13.5","rampRate":999999.0,"fkRequirementTypeId":{"id":15,"name":"Min Temp"}},{"id":"5d559b66-a73c-11e8-8062-005056a900e8","value":"16","rampRate":999999.0,"fkRequirementTypeId":{"id":16,"name":"Max Temp"}},{"id":"a0e25ca0-d231-11e8-80f2-005056a924f8","value":"100","rampRate":999999.0,"fkRequirementTypeId":{"id":74,"name":"Percent Occupied Mode"}},{"id":"5d55968e-a73c-11e8-8062-005056a900e8","value":"1","rampRate":999999.0,"fkRequirementTypeId":{"id":17,"name":"Fresh Air Required"}},{"id":"5d55a5ac-a73c-11e8-8062-005056a900e8","value":"50","rampRate":999999.0,"fkRequirementTypeId":{"id":18,"name":"Humid (RH%)"}}]},{"id":"90e98a4e-a734-11e8-8062-005056a900e8","name":"BLDG A - LVL 0 - Morgue_Peak","fkSpaceId":{"id":"e2db91d0-2769-11e8-b865-005056a924f8","name":"BLDG A - LVL 0 - Morgue","spaceModeSet":null},"spaceModeRequirementSet":[{"id":"5d55ba60-a73c-11e8-8062-005056a900e8","value":"50","rampRate":999999.0,"fkRequirementTypeId":{"id":18,"name":"Humid (RH%)"}},{"id":"5d55b560-a73c-11e8-8062-005056a900e8","value":"13.5","rampRate":999999.0,"fkRequirementTypeId":{"id":15,"name":"Min Temp"}},{"id":"5d55aab6-a73c-11e8-8062-005056a900e8","value":"1","rampRate":999999.0,"fkRequirementTypeId":{"id":17,"name":"Fresh Air Required"}},{"id":"5d55b01a-a73c-11e8-8062-005056a900e8","value":"16","rampRate":999999.0,"fkRequirementTypeId":{"id":16,"name":"Max Temp"}}]}]