[{"id":"3c3165b0-d800-11e8-80f2-005056a924f8","name":"BLDG A - LVL 0 - 24/7_Occupied","fkSpaceId":{"id":"f418d2e0-d7ff-11e8-80f2-005056a924f8","name":"BLDG A - LVL 0 - 24/7","spaceModeSet":null},"spaceModeRequirementSet":[{"id":"bbeaffa0-d800-11e8-80f2-005056a924f8","value":"13.5","rampRate":999999.0,"fkRequirementTypeId":{"id":15,"name":"Min Temp"}},{"id":"b17effd0-d800-11e8-80f2-005056a924f8","value":"1","rampRate":999999.0,"fkRequirementTypeId":{"id":17,"name":"Fresh Air Required"}},{"id":"c74e30b0-d800-11e8-80f2-005056a924f8","value":"16","rampRate":999999.0,"fkRequirementTypeId":{"id":16,"name":"Max Temp"}}]},{"id":"47966b80-d800-11e8-80f2-005056a924f8","name":"BLDG A - LVL 0 - 24/7_LightOccupied","fkSpaceId":{"id":"f418d2e0-d7ff-11e8-80f2-005056a924f8","name":"BLDG A - LVL 0 - 24/7","spaceModeSet":null},"spaceModeRequirementSet":[{"id":"d6921e60-d800-11e8-80f2-005056a924f8","value":"13.5","rampRate":999999.0,"fkRequirementTypeId":{"id":15,"name":"Min Temp"}},{"id":"e3a151c0-d800-11e8-80f2-005056a924f8","value":"16","rampRate":999999.0,"fkRequirementTypeId":{"id":16,"name":"Max Temp"}},{"id":"f2d560f0-d800-11e8-80f2-005056a924f8","value":"0.5","rampRate":999999.0,"fkRequirementTypeId":{"id":17,"name":"Fresh Air Required"}}]}]